,Place of interest,Type of place,Place address,Distance from station in mts,BiciMAD station,BiciMAD address
0,"A (mas) ECU control urbanístico, S.L. Entidad Colaboradora",Instalaciones accesibles NO municipales,Calle Añastro 11 Planta Baja Puerta 10,1766.07,254 - Pío XII,Avenida Pío XII nº 3
1,"APFMPS, Residencia, centro de día y centro ocupacional Instituto Doctor Quintero Lumbreras",Instalaciones accesibles NO municipales,Carretera Colmenar Viejo 13.6,9554.24,217 - Pedro Rico,Calle Pedro Rico nº 4
2,ASPAYM Madrid (Asociación de Parapléjicos y Personas con Gran Discapacidad Física de la Comunidad de Madrid),Instalaciones accesibles NO municipales,Camino Valderribas 115,723.7,226 - Sierra Toledana,Camino de Valderribas nº 94
3,Administración Ciudad Lineal. AEAT,Instalaciones accesibles NO municipales,Calle Uruguay 16,506.84,160 - Colombia,Calle Colombia nº 7
4,Administración Fermín Caballero. AEAT,Instalaciones accesibles NO municipales,Calle Fermin Caballero 66,2474.47,217 - Pedro Rico,Calle Pedro Rico nº 4
5,Administración Guzmán el Bueno. AEAT,Instalaciones accesibles NO municipales,Calle Guzman El Bueno 139,179.01,256 - Reina Victoria,Calle Beatriz de Bobadilla frente al nº 2
6,Administración María de Molina. AEAT,Instalaciones accesibles NO municipales,Calle Nuñez De Balboa 116,221.77,140 - Velázquez 130,Calle Velázquez nº 130
7,Administración Montalbán. AEAT,Instalaciones accesibles NO municipales,Calle Montalban 6,195.12,65 - Antonio Maura,Calle Antonio Maura nº 15
8,Administración Sudeste. AEAT,Instalaciones accesibles NO municipales,Calle Camino De Los Vinateros 51,437.27,218 - Camino Vinateros,Calle Camino de los Vinateros nº 28
9,Administración Suroeste. AEAT,Instalaciones accesibles NO municipales,Calle Aguacate 27,4485.45,212 - Marqués de Vadillo,Glorieta Marqués de Vadillo nº 9
10,Aeropuerto Adolfo Suarez Madrid -  Barajas,Instalaciones accesibles NO municipales,Avenida Hispanidad,9040.1,215 - Gutierre de Cetina,Calle Gutierre de Cetina nº 77
11,Alicia Koplowitz Centro de día y centro residencial de Esclerosis Múltiple de la Comunidad de Madrid,Instalaciones accesibles NO municipales,Bulevar Jose Prat 40,1720.32,221 - Pavones,Calle Hacienda de Pavones nº 342
12,Aparcamiento público Saba Estación Ferroviaria Madrid Chamartín,Instalaciones accesibles NO municipales,Calle Agustin De Foxa 34,142.12,252 - Chamartín,Calle Rodríguez Jaén nº 40
13,Aparcamiento público Saba Estación Madrid Atocha P2 y P3,Instalaciones accesibles NO municipales,Paseo Infanta Isabel  Sin Número,351.53,80b - Atocha B,Paseo de la Infanta Isabel nº 3
14,Aparcamiento público de Metro de Madrid. Miguel Hernández,Instalaciones accesibles NO municipales,Avenida Albufera 270,1601.22,221 - Pavones,Calle Hacienda de Pavones nº 342
15,Aparcamiento público. Plaza Ramón y Cajal (Ciudad Universitaria),Instalaciones accesibles NO municipales,Plaza Ramon Y Cajal 1,122.1,258 - Ciudad Universitaria 1,Avenida de la Complutense (Metro Ciudad Universitaria)
16,"Asociación esclerosis múltiple Madrid, centro de rehabilitación",Instalaciones accesibles NO municipales,Calle Sangenjo 36 Planta 1º,1336.29,217 - Pedro Rico,Calle Pedro Rico nº 4
17,Auditorio Nacional de Música,Instalaciones accesibles NO municipales,Calle Principe De Vergara 146,231.83,146 - María Francisca 1,Calle María Francisca nº 1
18,Biblioteca Central y Servicio de Documentación del Ministerio del Interior,Instalaciones accesibles NO municipales,Calle Amador De Los Rios 7,211.01,104 - Castellana,Paseo de la Castellana nº 4
19,Biblioteca Nacional de España,Instalaciones accesibles NO municipales,Paseo Recoletos 20,25.23,94 - Biblioteca Nacional,Paseo de Recoletos nº 20
20,Biblioteca Pública Antonio Mingote (Latina),Instalaciones accesibles NO municipales,Calle Rafael Finat 51,5634.78,224 - Caramuel,Calle Caramuel nº 51
21,Biblioteca Pública Elena Fortún (Retiro),Instalaciones accesibles NO municipales,Calle Doctor Esquerdo 189,42.38,84 - Valderribas,Calle Doctor Esquerdo nº 191
22,Biblioteca Pública Hortaleza,Instalaciones accesibles NO municipales,Calle Abertura 2,3591.73,254 - Pío XII,Avenida Pío XII nº 3
23,Biblioteca Pública Javier Marías (Moratalaz),Instalaciones accesibles NO municipales,Calle Corregidor Alonso De Tobar 5,313.46,220 - Plaza del Encuentro,Calle Arroyo de las Pilillas nº 6
24,Biblioteca Pública José Hierro (Usera),Instalaciones accesibles NO municipales,Avenida Rafaela Ybarra 43,1405.99,213 - Glorieta de Cádiz,Calle Antonio López nº 129
25,Biblioteca Pública José Luis Sampedro (Chamberí),Instalaciones accesibles NO municipales,Calle Felipe El Hermoso 4,83.28,246 - Santa Engracia 87,Calle Santa Engracia nº 87
26,Biblioteca Pública Luis Martín Santos (Villa de Vallecas),Instalaciones accesibles NO municipales,Plaza Antonio Maria Segovia 2,3182.61,221 - Pavones,Calle Hacienda de Pavones nº 342
27,Biblioteca Pública Luis Rosales (Carabanchel),Instalaciones accesibles NO municipales,Calle Antonia Rodriguez Sacristan 7 Y 9,4468.47,212 - Marqués de Vadillo,Glorieta Marqués de Vadillo nº 9
28,Biblioteca Pública María Moliner (Villaverde),Instalaciones accesibles NO municipales,Calle Villalonso 16,4526.85,213 - Glorieta de Cádiz,Calle Antonio López nº 129
29,Biblioteca Pública Miguel Hernández (Puente de Vallecas),Instalaciones accesibles NO municipales,Avenida Rafael Alberti 36,1996.18,221 - Pavones,Calle Hacienda de Pavones nº 342
30,Biblioteca Pública Pedro Salinas (Centro),Instalaciones accesibles NO municipales,Glorieta Puerta De Toledo 1,6.75,45 - Puerta de Toledo,Glorieta de la Puerta de Toledo nº 1
31,Biblioteca Pública Rafael Alberti (Fuencarral - El Pardo),Instalaciones accesibles NO municipales,Calle Sangenjo 38,1356.14,217 - Pedro Rico,Calle Pedro Rico nº 4
32,Biblioteca Pública Ruiz Egea (Chamberí),Instalaciones accesibles NO municipales,Calle Raimundo Fernandez Villaverde 6,91.83,132 - Glorieta de los Cuatro Caminos,Calle Santa Engracia nº 168
33,Biblioteca Pública del Estado Manuel Alvar  (Salamanca),Instalaciones accesibles NO municipales,Calle Azcona 42,146.12,243 - Cartagena,Calle Cartagena nº 34
34,Biblioteca de la Facultad de Derecho de la Universidad Complutense de Madrid,Instalaciones accesibles NO municipales,Plaza Menendez Pelayo 4,179.03,261 - Facultad Derecho,Avenida Complutense nº 23
35,Biblioteca de la Real Academia de Jurisprudencia y Legislación,Instalaciones accesibles NO municipales,Calle Marques De Cubas 13,139.86,29 - Marqués de Cubas,Calle del Marqués de Cubas nº 25
36,Biblioteca del Centro de Estudios Políticos y Constitucionales,Instalaciones accesibles NO municipales,Plaza Marina Española 9,190.74,30 - San Quintín,Calle Pavía nº 6
37,Biblioteca del Congreso de los Diputados,Instalaciones accesibles NO municipales,Calle Floridablanca 1,189.64,29 - Marqués de Cubas,Calle del Marqués de Cubas nº 25
38,Biblioteca del Consejo General del Poder judicial,Instalaciones accesibles NO municipales,Calle Marques De La Ensenada 8,139.44,10 - Marqués de la Ensenada,Calle Marqués de la Ensenada nº 16
39,Biblioteca del Defensor del Pueblo,Instalaciones accesibles NO municipales,Calle Fortuny 22,172.41,198 - Rubén Darío,Glorieta Rubén Darío 2
40,Biblioteca del Instituto Nacional de la Administración Pública (INAP),Instalaciones accesibles NO municipales,Calle Atocha 106,190.93,67 - Almadén,Calle Almadén nº 28
41,Biblioteca del Senado,Instalaciones accesibles NO municipales,Calle Bailen 3,251.52,116a - Plaza de España A,Calle Princesa nº 5
42,Biblioteca del Tribunal Supremo,Instalaciones accesibles NO municipales,Plaza Villa De Paris 1,145.14,10 - Marqués de la Ensenada,Calle Marqués de la Ensenada nº 16
43,Biblioteca del Tribunal de Cuentas,Instalaciones accesibles NO municipales,Calle Jose Ortega Y Gasset 100,60.23,145 - Ortega y Gasset 87,Calle Ortega y Gasset nº 87
44,CaixaForum Madrid,Instalaciones accesibles NO municipales,Paseo Prado 36,23.87,67 - Almadén,Calle Almadén nº 28
45,Capilla de San Isidro,Instalaciones accesibles NO municipales,Calle Aguila 1,160.92,38 - Plaza de los Carros,Carrera de San Francisco nº 1
46,Casa de México,Instalaciones accesibles NO municipales,Calle Alberto Aguilera 20,294.28,3 - Plaza Conde Suchil,Plaza del Conde del Valle de Súchil nº 3
47,Casón del Buen Retiro.,Instalaciones accesibles NO municipales,Calle Alfonso Xii 28,158.26,65 - Antonio Maura,Calle Antonio Maura nº 15
48,Centro Concertado de Atención a las Adicciones (CCAD) Casa de Campo (Cruz Roja),Instalaciones accesibles NO municipales,Avenida Portugal,560.88,216 - Puerta del Ángel,Plaza Puerta del Ángel nº 4
49,Centro de Atención e Información de la Agencia de la Seguridad Social (CAISS) nº 13 Centro,Instalaciones accesibles NO municipales,Calle Cedaceros 11,143.82,28 - Sevilla,Calle Alcalá nº 27
50,Centro de Día Privado 'Casa de las Flores',Instalaciones accesibles NO municipales,Calle Rodriguez San Pedro 72,221.61,111a - Arcipreste de Hita A,Calle Arcipreste de Hita nº 12
51,Centro de Día Privado 'DomusVi Albufera',Instalaciones accesibles NO municipales,Calle Sierra De Alcubierre 8,303.48,227 - Concordia,Calle Arroyo del Olivar nº 6
52,Centro de Día Privado 'DomusVi Maestranza',Instalaciones accesibles NO municipales,Calle Tellez 30 Planta Posterior - Local 16,108.14,178 - Junta Municipal Retiro,Calle León Gil de Palacio nº 3
53,Centro de Día Privado 'Florencia',Instalaciones accesibles NO municipales,Calle Florencia 24,831.57,221 - Pavones,Calle Hacienda de Pavones nº 342
54,Centro de Día Privado 'Los Nogales Hortaleza',Instalaciones accesibles NO municipales,Calle Alcobendas 12,3655.3,230 - Carlota O’Neill,Calle Carlota O'Neill nº 32
55,Centro de Día Privado 'Muguet',Instalaciones accesibles NO municipales,Calle Muguet 7,4606.11,212 - Marqués de Vadillo,Glorieta Marqués de Vadillo nº 9
56,Centro de Día Privado 'Reina Sofía',Instalaciones accesibles NO municipales,Calle Infanta Mercedes 26,325.03,152 - General Perón 1,Avenida del General Perón frente al nº 4
57,Centro de Día Privado 'Sanivida Arganzuela',Instalaciones accesibles NO municipales,Calle Puerto De La Cruz Verde 14 Planta Bajo,477.64,235 - Embajadores 191,Calle Sodio nº 1B
58,Centro de Día Privado 'Sanivida Chamberí',Instalaciones accesibles NO municipales,Calle Palafox 17 Planta Bajo,239.78,124 - Manuel Silvela,Calle Manuel Silvela nº 20
59,Centro de Día Privado 'Trébol',Instalaciones accesibles NO municipales,Calle Palomares 71,4841.71,213 - Glorieta de Cádiz,Calle Antonio López nº 129
60,Centro de Educación Especial El Despertar,Instalaciones accesibles NO municipales,Calle Adonis 1,5648.72,224 - Caramuel,Calle Caramuel nº 51
61,Centro de Educación de Personas Adultas (CEPA) Distrito Centro,Instalaciones accesibles NO municipales,Calle San Bernardo 70 Planta 2,142.47,15 - San Vicente Ferrer,Calle San Vicente Ferrer nº 64
62,Centro de Educación de Personas Adultas (CEPA) Hortaleza - Mar Amarillo,Instalaciones accesibles NO municipales,Calle Mar Amarillo 21,3562.38,230 - Carlota O’Neill,Calle Carlota O'Neill nº 32
63,Centro de Natación Mundial 86 (M - 86),Instalaciones accesibles NO municipales,Calle Jose Martinez De Velasco 3,222.97,72 - Sainz de Baranda,Calle Doctor Esquerdo nº 99
64,Centro de atención e información de la Agencia de la Seguridad Social (CAISS) nº 14 Maldonado,Instalaciones accesibles NO municipales,Calle Maldonado 2,212.11,142 - Castellana 42,Paseo de la Castellana nº 42
65,Centro de atención e información de la Agencia de la Seguridad Social (CAISS) nº 15 Delicias - Usera,Instalaciones accesibles NO municipales,Calle Amor Hermoso 52 Y 54,632.44,213 - Glorieta de Cádiz,Calle Antonio López nº 129
66,Centro de atención e información de la Agencia de la Seguridad Social (CAISS) nº 4 Vallecas,Instalaciones accesibles NO municipales,Calle Picos De Europa 49,574.66,226 - Sierra Toledana,Camino de Valderribas nº 94
67,Centro de atención e información de la Agencia de la Seguridad Social (CAISS) nº 5 Ciudad Lineal,Instalaciones accesibles NO municipales,Calle Miguel Fleta 3,999.7,215 - Gutierre de Cetina,Calle Gutierre de Cetina nº 77
68,Centro de atención e información de la Agencia de la Seguridad Social (CAISS) nº 7 Carabanchel,Instalaciones accesibles NO municipales,Avenida Pedro Diez 19,1762.84,212 - Marqués de Vadillo,Glorieta Marqués de Vadillo nº 9
69,Centro de atención e información de la Agencia de la Seguridad Social (CAISS) nº 8 Villaverde,Instalaciones accesibles NO municipales,Avenida Real De Pinto 7 Y 9,4565.03,213 - Glorieta de Cádiz,Calle Antonio López nº 129
70,Centro de donación de sangre de Cruz Roja,Instalaciones accesibles NO municipales,Calle Juan Montalvo 3,417.12,237 - Pablo Iglesias,Calle Francisco Balseiro nº 1
71,Centro de donación de sangre de Cruz Roja Fin de Semana,Instalaciones accesibles NO municipales,Calle Fuencarral 120,154.64,4 - Malasaña,Calle Manuela Malasaña nº 5
72,Centro de día Argüelles,Instalaciones accesibles NO municipales,Calle Andres Mellado 31,88.85,199 - Fernando el Católico,Calle Fernando el Católico nº 61
73,Centro de día Funprodami,Instalaciones accesibles NO municipales,Calle Garcia Miranda 4,1218.38,227 - Concordia,Calle Arroyo del Olivar nº 6
74,Centro de día San Alfonso,Instalaciones accesibles NO municipales,Avenida Rafaela Ybarra 75 Planta Bajo,1723.56,213 - Glorieta de Cádiz,Calle Antonio López nº 129
75,Centro de día para mayores Saraiva,Instalaciones accesibles NO municipales,Calle Fundadores 10,263.11,183 - Doctor Esquerdo-Hermosilla,Calle Hermosilla nº 135
76,Centro de día y centro de rehabilitación Fundación Manantial para personas con trastorno mental grave de Barajas,Instalaciones accesibles NO municipales,Plaza Hermanos Falco Y Alvarez De Toledo 1,8548.04,215 - Gutierre de Cetina,Calle Gutierre de Cetina nº 77
77,Centro de día y centro ocupacional para la atención al funcionamiento de personas con patología dual Pardo Valcarce,Instalaciones accesibles NO municipales,Calle Monasterio De Las Huelgas 15,3228.74,217 - Pedro Rico,Calle Pedro Rico nº 4
78,Centro de día y residencia Medinaceli para personas con discapacidad intelectual,Instalaciones accesibles NO municipales,Calle Estudiantes 3,151.04,256 - Reina Victoria,Calle Beatriz de Bobadilla frente al nº 2
79,"Centro de día, centro ocupacional y residencia APADEMA",Instalaciones accesibles NO municipales,Calle Moralzarzal 73,3393.51,217 - Pedro Rico,Calle Pedro Rico nº 4
80,Centro de enseñanza CESUR - Madrid II,Instalaciones accesibles NO municipales,Calle Albarracin 27,1094.0,215 - Gutierre de Cetina,Calle Gutierre de Cetina nº 77
81,Centro de rehabilitación INDANE,Instalaciones accesibles NO municipales,Calle Vallehermoso 100 Planta Baja,171.69,202 - Parque Santander,Calle Santander esquina con Avenida de Filipinas
82,Centro de rehabilitación Orpea Madrid Mirasierra,Instalaciones accesibles NO municipales,Avenida Ventisquero De La Condesa 46 Planta Baja,3618.17,217 - Pedro Rico,Calle Pedro Rico nº 4
83,Centro de rehabilitación y recuperación y residencia Medinaceli,Instalaciones accesibles NO municipales,Calle Ramirez Tome 38,1852.88,221 - Pavones,Calle Hacienda de Pavones nº 342
84,Centro ocupacional y residencia Carabanchel,Instalaciones accesibles NO municipales,Calle General Ricardos 177,2652.27,212 - Marqués de Vadillo,Glorieta Marqués de Vadillo nº 9
85,Centro ocupacional y residencia Fundación ALAS Madrid,Instalaciones accesibles NO municipales,Calle Encomienda De Palacios 235,324.36,221 - Pavones,Calle Hacienda de Pavones nº 342
86,Cine Cinesa Las Rosas,Instalaciones accesibles NO municipales,Avenida Guadalajara 2,2409.92,215 - Gutierre de Cetina,Calle Gutierre de Cetina nº 77
87,Cine Cinesa Manoteras,Instalaciones accesibles NO municipales,Avenida Manoteras 40,2342.47,249 - Manuel Caldeiro,Paseo de la Castellana nº 298
88,Cine Cinesa Méndez Álvaro,Instalaciones accesibles NO municipales,Calle Acanto 2,270.02,180 - Méndez Álvaro,Calle Retama nº 5
89,Cine Cinesa Proyecciones,Instalaciones accesibles NO municipales,Calle Fuencarral 136,292.2,200 - Quevedo,Glorieta de Quevedo nº 5
90,Cine La Vaguada,Instalaciones accesibles NO municipales,Avenida Monforte De Lemos 36,2159.01,207 - Remonta,Calle Azucenas nº 1
91,Club Deportivo Somontes,Instalaciones accesibles NO municipales,Carretera El Pardo 43,5540.2,261 - Facultad Derecho,Avenida Complutense nº 23
92,Colegio Comunidad Infantil Villaverde,Instalaciones accesibles NO municipales,Calle Villastar 10,5240.05,213 - Glorieta de Cádiz,Calle Antonio López nº 129
93,Colegio Diocesano Cristo de la Guía,Instalaciones accesibles NO municipales,Calle Ezcaray 3,2581.15,221 - Pavones,Calle Hacienda de Pavones nº 342
94,Colegio El Valle II,Instalaciones accesibles NO municipales,Calle Ana De Austria 60,4223.69,249 - Manuel Caldeiro,Paseo de la Castellana nº 298
95,Colegio Internacional J.H. Newman,Instalaciones accesibles NO municipales,Avenida Guadalajara 28,2994.75,215 - Gutierre de Cetina,Calle Gutierre de Cetina nº 77
96,Colegio Jesús María. Calle Hermanos García Noblejas 68,Instalaciones accesibles NO municipales,Calle Hermanos Garcia Noblejas 68,951.7,215 - Gutierre de Cetina,Calle Gutierre de Cetina nº 77
97,Colegio Juan de Valdés,Instalaciones accesibles NO municipales,Avenida Canillejas A Vicalvaro 135,3472.35,215 - Gutierre de Cetina,Calle Gutierre de Cetina nº 77
98,Colegio La Salle-La Paloma - Fundación Lara,Instalaciones accesibles NO municipales,Calle Paloma 21,152.01,45 - Puerta de Toledo,Glorieta de la Puerta de Toledo nº 1
99,Colegio Liceo Sorolla B,Instalaciones accesibles NO municipales,Calle Nueva Zelanda 21,1799.7,261 - Facultad Derecho,Avenida Complutense nº 23
100,Colegio Mayor Alcor,Instalaciones accesibles NO municipales,Calle General Ampudia 7,188.06,203 - San Francisco de Sales,Calle General Ampudia nº 2
101,Colegio Mayor Aquinas (Santo Tomás de Aquino),Instalaciones accesibles NO municipales,Calle Leonardo Prieto Castro 6,735.77,260 - Facultad Biología,Calle José Antonio Novais frente al nº 12
102,Colegio Mayor Chaminade,Instalaciones accesibles NO municipales,Paseo Juan Xxiii 9,446.99,256 - Reina Victoria,Calle Beatriz de Bobadilla frente al nº 2
103,Colegio Mayor Fundación SEPI,Instalaciones accesibles NO municipales,Avenida Gregorio Del Amo 2,560.42,256 - Reina Victoria,Calle Beatriz de Bobadilla frente al nº 2
104,Colegio Mayor Juan Luis Vives,Instalaciones accesibles NO municipales,Calle Francisco Suarez 7,168.56,255 - López Pozas,Calle General López Pozas nº 2
105,Colegio Mayor Juan XXIII Roncalli,Instalaciones accesibles NO municipales,Calle Ramiro De Maeztu 3,556.7,256 - Reina Victoria,Calle Beatriz de Bobadilla frente al nº 2
106,Colegio Mayor Loyola,Instalaciones accesibles NO municipales,Paseo Juan Xxiii 17,442.52,256 - Reina Victoria,Calle Beatriz de Bobadilla frente al nº 2
107,Colegio Mayor Marqués de la Ensenada,Instalaciones accesibles NO municipales,Avenida Seneca 18,641.92,257 - INEF,Avenida Juan de Herrera frente a la calle Paul Guinard
108,Colegio Mayor Nuestra Señora de Guadalupe,Instalaciones accesibles NO municipales,Avenida Seneca 4,454.22,112 - Paseo de Moret,Paseo de Moret nº 11
109,Colegio Mayor Nuestra Señora de África,Instalaciones accesibles NO municipales,Calle Ramiro De Maeztu 8,617.95,260 - Facultad Biología,Calle José Antonio Novais frente al nº 12
110,Colegio Mayor Padre Poveda,Instalaciones accesibles NO municipales,Calle Isaac Peral 60,364.49,244 - Hospital Clínico,Calle Isaac Peral nº 44
111,Colegio Mayor Santa María del Pino,Instalaciones accesibles NO municipales,Paseo San Francisco De Sales 13,153.49,244 - Hospital Clínico,Calle Isaac Peral nº 44
112,Colegio Mayor Santa Teresa de Jesús,Instalaciones accesibles NO municipales,Avenida Seneca 12,421.3,257 - INEF,Avenida Juan de Herrera frente a la calle Paul Guinard
113,Colegio Mayor Universitario San Agustín,Instalaciones accesibles NO municipales,Travesia Antonio Nebrija 4,362.8,257 - INEF,Avenida Juan de Herrera frente a la calle Paul Guinard
114,Colegio Mayor Universitario San Pablo,Instalaciones accesibles NO municipales,Calle Isaac Peral 58,263.9,244 - Hospital Clínico,Calle Isaac Peral nº 44
115,Colegio Mayor Vedruna,Instalaciones accesibles NO municipales,Glorieta Presidente Garcia Moreno 2,154.18,256 - Reina Victoria,Calle Beatriz de Bobadilla frente al nº 2
116,Colegio Mayor África,Instalaciones accesibles NO municipales,Calle Ramiro De Maeztu 2,487.77,256 - Reina Victoria,Calle Beatriz de Bobadilla frente al nº 2
117,Colegio Oficial de Arquitectos de Madrid (COAM),Instalaciones accesibles NO municipales,Calle Hortaleza 63,8.89,6 - Colegio Arquitectos,Calle Hortaleza nº 63
118,Colegio Patrocinio de San José,Instalaciones accesibles NO municipales,Calle Edgar Neville 24,200.46,151 - Orense 12,Calle Orense nº 12
119,Colegio Público Arquitecto Gaudí,Instalaciones accesibles NO municipales,Calle Rosa Jardon 10,1057.17,254 - Pío XII,Avenida Pío XII nº 3
120,Colegio Público Ciudad de Jaén,Instalaciones accesibles NO municipales,Calle Madre Rosa Blanco 3,1825.21,213 - Glorieta de Cádiz,Calle Antonio López nº 129
121,Colegio Público Escuelas Bosque,Instalaciones accesibles NO municipales,Avenida Santo Angel De La Guarda 4,564.58,239 - Francos Rodríguez,Calle Francos Rodríguez nº 62
122,Colegio Público Felipe II,Instalaciones accesibles NO municipales,Avenida Asturias 70,1122.21,207 - Remonta,Calle Azucenas nº 1
123,Colegio Público Fernando el Católico,Instalaciones accesibles NO municipales,Calle Fernando El Catolico 16,147.74,127 - Fernando el Católico,Calle Fernando el Católico nº 19
124,Colegio Público Fontarrón,Instalaciones accesibles NO municipales,Calle Arroyo Fontarron 24,595.71,221 - Pavones,Calle Hacienda de Pavones nº 342
125,Colegio Público Isabel la Católica,Instalaciones accesibles NO municipales,Calle Barcelo 2,78.22,54 - Barceló,Calle Barceló nº 7
126,Colegio Público Jorge Guillén,Instalaciones accesibles NO municipales,Avenida El Ferrol 47,1791.63,207 - Remonta,Calle Azucenas nº 1
127,Colegio Público Legado Crespo,Instalaciones accesibles NO municipales,Paseo Acacias 2,121.57,47 - Embajadores 1,Glorieta de Embajadores nº 6
128,Colegio Público Leopoldo Alas,Instalaciones accesibles NO municipales,Calle Pedrezuela 18,350.8,234 - Marqués de Corbera 52,Avenida Marqués de Corbera nº 52
129,Colegio Público Loyola de Palacio,Instalaciones accesibles NO municipales,Calle Embalse De Navacerrada 60,5983.5,221 - Pavones,Calle Hacienda de Pavones nº 342
130,Colegio Público Luis Bello,Instalaciones accesibles NO municipales,Calle Luis Cabrera 66,184.93,196 - Prosperidad,Calle Suero de Quiñones nº 2
131,Colegio Público Marqués de Suanzes,Instalaciones accesibles NO municipales,Avenida Veinticinco De Septiembre 1,2362.52,215 - Gutierre de Cetina,Calle Gutierre de Cetina nº 77
132,Colegio Público Martínez Montañés,Instalaciones accesibles NO municipales,Calle Hacienda De Pavones 223,187.88,221 - Pavones,Calle Hacienda de Pavones nº 342
133,Colegio Público Méjico (México),Instalaciones accesibles NO municipales,Avenida Badajoz 74,207.86,230 - Carlota O’Neill,Calle Carlota O'Neill nº 32
134,Colegio Público Nuestra Señora de la Paloma,Instalaciones accesibles NO municipales,Calle Tabernillas 2,37.06,38 - Plaza de los Carros,Carrera de San Francisco nº 1
135,Colegio Público Parque Aluche,Instalaciones accesibles NO municipales,Calle Quero 47,4155.51,224 - Caramuel,Calle Caramuel nº 51
136,Colegio Público Pinar de San José,Instalaciones accesibles NO municipales,Calle Patrimonio De La Humanidad 39,6506.28,224 - Caramuel,Calle Caramuel nº 51
137,Colegio Público Reina Victoria,Instalaciones accesibles NO municipales,Calle Principe De Vergara 61,179.26,143 - Diego de León 52,Calle Diego de León nº 52
138,Colegio Público San Juan de la Cruz,Instalaciones accesibles NO municipales,Calle Honduras 10,287.09,254 - Pío XII,Avenida Pío XII nº 3
139,Colegio Público Tomás Bretón,Instalaciones accesibles NO municipales,Calle Alejandro Dumas 4,237.28,169 - Pirámides,Calle Toledo nº 181
140,Colegio Público Virgen del Cerro,Instalaciones accesibles NO municipales,Calle Mohernando 1,1161.37,220 - Plaza del Encuentro,Calle Arroyo de las Pilillas nº 6
141,Colegio Público de Educación Especial Francisco del Pozo,Instalaciones accesibles NO municipales,Callejon Domine 6,1494.52,217 - Pedro Rico,Calle Pedro Rico nº 4
142,Colegio Público de Educación Especial Fundación Goyeneche,Instalaciones accesibles NO municipales,Calle Arcos De Jalon 22,2426.29,215 - Gutierre de Cetina,Calle Gutierre de Cetina nº 77
143,Colegio Público de Educación Especial María Soriano,Instalaciones accesibles NO municipales,Avenida Peseta 30,6366.7,224 - Caramuel,Calle Caramuel nº 51
144,Colegio Sagrado Corazón. Avenida Alfonso XIII.,Instalaciones accesibles NO municipales,Avenida Alfonso Xiii 127,674.52,160 - Colombia,Calle Colombia nº 7
145,Colegio Santa María la Blanca,Instalaciones accesibles NO municipales,Calle Monasterio De Oseira 17,3411.74,217 - Pedro Rico,Calle Pedro Rico nº 4
146,Colegio Santo Domingo Savio,Instalaciones accesibles NO municipales,Calle Santo Domingo Savio 2,725.53,215 - Gutierre de Cetina,Calle Gutierre de Cetina nº 77
147,Colegio Scuola Materna Italiana de Madrid,Instalaciones accesibles NO municipales,Calle Agustin De Betancourt 1,226.12,134 - Agustín de Betancourt,Calle María de Guzmán nº 58
148,Colegio Stella Maris La Gavia,Instalaciones accesibles NO municipales,Calle Peñaranda De Bracamonte 9,4431.01,221 - Pavones,Calle Hacienda de Pavones nº 342
149,Colegio Tajamar,Instalaciones accesibles NO municipales,Calle Pio Felipe 12,1055.18,220 - Plaza del Encuentro,Calle Arroyo de las Pilillas nº 6
150,Colegio Ártica,Instalaciones accesibles NO municipales,Calle Morales 25,6086.91,212 - Marqués de Vadillo,Glorieta Marqués de Vadillo nº 9
151,Comisaría de Policía (Carabanchel),Instalaciones accesibles NO municipales,Calle Padre Amigo 3,3323.7,212 - Marqués de Vadillo,Glorieta Marqués de Vadillo nº 9
152,Comisaría de Policía y Oficina de Tramitación DNI y Pasaporte (Chamartín),Instalaciones accesibles NO municipales,Avenida Pio Xii 48,1078.17,254 - Pío XII,Avenida Pío XII nº 3
153,Comisaría de Policía y Oficina de Tramitación DNI y Pasaporte (Ciudad Lineal),Instalaciones accesibles NO municipales,Travesia Virgen De La Roca 25 Posterior,102.69,189 - Avenida Donostiarra,Calle Virgen de la Alegría nº 18
154,Comisaría de Policía y Oficina de Tramitación DNI y Pasaporte (Fuencarral - El Pardo),Instalaciones accesibles NO municipales,Calle Mirador De La Reina 4,4039.41,239 - Francos Rodríguez,Calle Francos Rodríguez nº 62
155,Comisaría de Policía y Oficina de Tramitación DNI y Pasaporte (Hortaleza),Instalaciones accesibles NO municipales,Calle Javier Del Quinto,2857.73,230 - Carlota O’Neill,Calle Carlota O'Neill nº 32
156,Comisaría de Policía y Oficina de Tramitación DNI y Pasaporte (Latina),Instalaciones accesibles NO municipales,Avenida Poblados 51,4397.52,224 - Caramuel,Calle Caramuel nº 51
157,Comisaría de Policía y Oficina de Tramitación DNI y Pasaporte (San Blas - Canillejas),Instalaciones accesibles NO municipales,Calle Alberique 20,2798.54,215 - Gutierre de Cetina,Calle Gutierre de Cetina nº 77
158,Comisaría de Policía y Oficina de Tramitación del DNI y Pasaporte (Usera-Villaverde 2),Instalaciones accesibles NO municipales,Calle Primitiva Gañan 6,1367.64,213 - Glorieta de Cádiz,Calle Antonio López nº 129
159,Complejo Deportivo Hockey Somontes de la Comunidad de Madrid,Instalaciones accesibles NO municipales,Carretera El Pardo 41,4839.27,261 - Facultad Derecho,Avenida Complutense nº 23
160,Comunidad de Madrid. Oficina de atención al ciudadano y oficina general de asistencia en materia de registro,Instalaciones accesibles NO municipales,Calle Gran Via 3,123.43,28 - Sevilla,Calle Alcalá nº 27
161,Congreso de los Diputados,Instalaciones accesibles NO municipales,Plaza Cortes 1,106.84,29 - Marqués de Cubas,Calle del Marqués de Cubas nº 25
162,Consorcio Regional de Transportes Públicos Regulares de Madrid,Instalaciones accesibles NO municipales,Plaza Descubridor Diego De Ordas 3 Planta Baja,187.38,130 - Santa Engracia 127,Calle Santa Engracia nº 127
163,Círculo de Empresarios,Instalaciones accesibles NO municipales,Calle Marques De Villamagna 3 Planta 11,175.82,103 - Ortega y Gasset,Calle José Ortega y Gasset nº 4
164,Delegación Especial de Madrid. AEAT,Instalaciones accesibles NO municipales,Calle Guzman El Bueno 139,179.01,256 - Reina Victoria,Calle Beatriz de Bobadilla frente al nº 2
165,Dirección General de Vivienda y Rehabilitación. Comunidad de Madrid,Instalaciones accesibles NO municipales,Calle Maudes 17,224.57,133 - Raimundo Fernández,Calle Raimundo Fernández Villaverde nº 33
166,Escuela Infantil Betaria,Instalaciones accesibles NO municipales,Calle Padre Rubio 14,588.13,208 - Plaza de Castilla,Paseo de la Castellana nº 216
167,Escuela Infantil Conde de Elda,Instalaciones accesibles NO municipales,Calle Ponferrada 16,2059.28,239 - Francos Rodríguez,Calle Francos Rodríguez nº 62
168,Escuela Infantil Jesús Niño,Instalaciones accesibles NO municipales,Calle Florencio Garcia 12,864.08,229 - C.D. Concepción,Calle Jose del Hierro nº 5
169,Escuela Infantil Pequeño Koala,Instalaciones accesibles NO municipales,Camino Viejo De Vicalvaro 20,2196.5,221 - Pavones,Calle Hacienda de Pavones nº 342
170,Espacio Fundación Telefónica,Instalaciones accesibles NO municipales,Calle Fuencarral 3,90.61,211 - Desengaño,Calle Desengaño nº 1
171,Espacio para mayores Las Tablas,Instalaciones accesibles NO municipales,Avenida Camino De Santiago 39,9350.83,261 - Facultad Derecho,Avenida Complutense nº 23
172,Estación Sur de Autobuses de Madrid,Instalaciones accesibles NO municipales,Calle Mendez Alvaro 83,363.25,180 - Méndez Álvaro,Calle Retama nº 5
173,Estación ferroviaria Madrid - Chamartín - Clara Campoamor,Instalaciones accesibles NO municipales,Calle Agustin De Foxa,184.76,252 - Chamartín,Calle Rodríguez Jaén nº 40
174,Estación ferroviaria Madrid Puerta de Atocha,Instalaciones accesibles NO municipales,Plaza Emperador Carlos V,125.2,80b - Atocha B,Paseo de la Infanta Isabel nº 3
175,Fuente de San Isidro,Instalaciones accesibles NO municipales,Paseo Ermita Del Santo 72,704.87,223 - Ermita Santo,Paseo de la Ermita del Santo nº 48
176,"Fundación Síndrome de Down, centro ocupacional Tres olivos",Instalaciones accesibles NO municipales,Calle Cueva De Montesinos 45,2123.98,217 - Pedro Rico,Calle Pedro Rico nº 4
177,Galería de Arte Orfila,Instalaciones accesibles NO municipales,Calle Orfila 3,254.79,8 - Alonso Martínez,Plaza de Alonso Martínez nº 5
178,Hipódromo de la Zarzuela,Instalaciones accesibles NO municipales,Avenida Padre Huidobro  S/N Carretera De La Coruña Km. 8,3674.72,261 - Facultad Derecho,Avenida Complutense nº 23
179,Instalación Deportiva Canal de Isabel II,Instalaciones accesibles NO municipales,Avenida Filipinas 54,127.69,131 - Bravo Murillo 44,Calle Bravo Murillo nº 44
180,Instalación Deportiva San Vicente de Paúl,Instalaciones accesibles NO municipales,Calle Pelicano 4,1923.38,212 - Marqués de Vadillo,Glorieta Marqués de Vadillo nº 9
181,Instalación deportiva para mayores Concepción Arenal,Instalaciones accesibles NO municipales,Calle Javier Del Quinto 12 Está Ubicado Dentro Del Centro De Servicios Sociales “Concepción Arenal”,2653.97,230 - Carlota O’Neill,Calle Carlota O'Neill nº 32
182,Instituto de Educación Secundaria (IES) Antonio Domínguez Ortiz,Instalaciones accesibles NO municipales,Calle Andaluces 36,1262.91,221 - Pavones,Calle Hacienda de Pavones nº 342
183,Instituto de Educación Secundaria (IES) Antonio Machado,Instalaciones accesibles NO municipales,Calle Alfonso Fernandez 25,5585.8,212 - Marqués de Vadillo,Glorieta Marqués de Vadillo nº 9
184,Instituto de Educación Secundaria (IES) Avenida de los Toreros,Instalaciones accesibles NO municipales,Avenida Toreros 57,140.16,193 - Ventas,Avenida de los Toreros nº 49
185,Instituto de Educación Secundaria (IES) Barajas,Instalaciones accesibles NO municipales,Avenida America 119,5201.32,215 - Gutierre de Cetina,Calle Gutierre de Cetina nº 77
186,Instituto de Educación Secundaria (IES) Barrio de Bilbao,Instalaciones accesibles NO municipales,Calle Villaescusa 20,1504.83,215 - Gutierre de Cetina,Calle Gutierre de Cetina nº 77
187,Instituto de Educación Secundaria (IES) Celestino Mutis,Instalaciones accesibles NO municipales,Calle Huerta De Villaverde 15,4750.34,213 - Glorieta de Cádiz,Calle Antonio López nº 129
188,Instituto de Educación Secundaria (IES) Ciudad Escolar,Instalaciones accesibles NO municipales,Carretera Colmenar Viejo 12.800,5294.51,217 - Pedro Rico,Calle Pedro Rico nº 4
189,Instituto de Educación Secundaria (IES) Ciudad de Jaén,Instalaciones accesibles NO municipales,Camino Rio 5,1926.01,213 - Glorieta de Cádiz,Calle Antonio López nº 129
190,Instituto de Educación Secundaria (IES) Conde de Orgaz,Instalaciones accesibles NO municipales,Calle Napoles 56,1829.52,230 - Carlota O’Neill,Calle Carlota O'Neill nº 32
191,Instituto de Educación Secundaria (IES) Eijo y Garay,Instalaciones accesibles NO municipales,Calle Severino Aznar Embid 6,1046.16,224 - Caramuel,Calle Caramuel nº 51
192,Instituto de Educación Secundaria (IES) Fortuny,Instalaciones accesibles NO municipales,Calle Fortuny 24,183.89,198 - Rubén Darío,Glorieta Rubén Darío 2
193,Instituto de Educación Secundaria (IES) Francisco Ayala,Instalaciones accesibles NO municipales,Calle Jacobeo 33,6035.19,224 - Caramuel,Calle Caramuel nº 51
194,Instituto de Educación Secundaria (IES) García Morato,Instalaciones accesibles NO municipales,Calle General Saliquet 34,5851.13,224 - Caramuel,Calle Caramuel nº 51
195,Instituto de Educación Secundaria (IES) Gregorio Marañón,Instalaciones accesibles NO municipales,Avenida El Ferrol 43,1899.03,207 - Remonta,Calle Azucenas nº 1
196,Instituto de Educación Secundaria (IES) Isaac Newton,Instalaciones accesibles NO municipales,Calle Joaquin Lorenzo 2,2454.2,239 - Francos Rodríguez,Calle Francos Rodríguez nº 62
197,Instituto de Educación Secundaria (IES) Iturralde,Instalaciones accesibles NO municipales,Calle Nuestra Señora De La Luz 53,3616.66,224 - Caramuel,Calle Caramuel nº 51
198,Instituto de Educación Secundaria (IES) Joaquín Rodrigo,Instalaciones accesibles NO municipales,Calle Casalarreina 28,2478.52,221 - Pavones,Calle Hacienda de Pavones nº 342
199,Instituto de Educación Secundaria (IES) Juana de Castilla,Instalaciones accesibles NO municipales,Calle Valdebernardo 3,272.0,221 - Pavones,Calle Hacienda de Pavones nº 342
200,Instituto de Educación Secundaria (IES) Manuel Fraga Iribarne,Instalaciones accesibles NO municipales,Avenida Niceto Alcala Zamora 54,3880.6,249 - Manuel Caldeiro,Paseo de la Castellana nº 298
201,Instituto de Educación Secundaria (IES) María Rodrigo,Instalaciones accesibles NO municipales,"Calle Talamanca Del Jarama, Esquina Granja De San Ildefonso",4075.88,221 - Pavones,Calle Hacienda de Pavones nº 342
202,Instituto de Educación Secundaria (IES) Moratalaz,Instalaciones accesibles NO municipales,Calle Corregidor Diego De Valderrabano 35,541.23,218 - Camino Vinateros,Calle Camino de los Vinateros nº 28
203,Instituto de Educación Secundaria (IES) Nuestra Señora de la Almudena,Instalaciones accesibles NO municipales,Plaza Remonta 17,162.36,207 - Remonta,Calle Azucenas nº 1
204,Instituto de Educación Secundaria (IES) Numancia,Instalaciones accesibles NO municipales,Calle Las Marismas 14,572.56,220 - Plaza del Encuentro,Calle Arroyo de las Pilillas nº 6
205,Instituto de Educación Secundaria (IES) Parque Aluche,Instalaciones accesibles NO municipales,Calle Maqueda 86,4469.02,224 - Caramuel,Calle Caramuel nº 51
206,Instituto de Educación Secundaria (IES) Pedro Salinas,Instalaciones accesibles NO municipales,Calle General Marva 24,635.45,228 - San Delfín,Calle San Delfín nº 9
207,Instituto de Educación Secundaria (IES) Príncipe Felipe,Instalaciones accesibles NO municipales,Calle Finisterre 60,1670.42,217 - Pedro Rico,Calle Pedro Rico nº 4
208,Instituto de Educación Secundaria (IES) Renacimiento,Instalaciones accesibles NO municipales,Calle Castellflorite 4,2048.1,224 - Caramuel,Calle Caramuel nº 51
209,Instituto de Educación Secundaria (IES) Salvador Dalí,Instalaciones accesibles NO municipales,Calle Verdaguer Y Garcia 2,70.56,231 - Derechos Humanos,Calle Derechos Humanos nº 12
210,Instituto de Educación Secundaria (IES) San Cristóbal de los Ángeles,Instalaciones accesibles NO municipales,Plaza Pinazo 7,5223.43,235 - Embajadores 191,Calle Sodio nº 1B
211,Instituto de Educación Secundaria (IES) San Fernando,Instalaciones accesibles NO municipales,Carretera Colmenar Viejo Km.13500,5269.78,217 - Pedro Rico,Calle Pedro Rico nº 4
212,Instituto de Educación Secundaria (IES) San Mateo,Instalaciones accesibles NO municipales,Calle Beneficencia 4,123.8,54 - Barceló,Calle Barceló nº 7
213,Instituto de Educación Secundaria (IES) Santa Eugenia,Instalaciones accesibles NO municipales,Calle Cerro De Almodovar 5,3837.39,221 - Pavones,Calle Hacienda de Pavones nº 342
214,Instituto de Educación Secundaria (IES) Tetuán de las Victorias,Instalaciones accesibles NO municipales,Calle Via Limite 14,316.34,248 - Torre Cepsa,Calle Sinesio Delgado nº 2
215,Instituto de Educación Secundaria (IES) Valdebernardo,Instalaciones accesibles NO municipales,Bulevar Indalecio Prieto 1,1795.57,221 - Pavones,Calle Hacienda de Pavones nº 342
216,Instituto de Educación Secundaria (IES) Villa de Vallecas,Instalaciones accesibles NO municipales,Calle Villarino De Los Aires 14,3032.35,221 - Pavones,Calle Hacienda de Pavones nº 342
217,Instituto de Educación Secundaria (IES) Villaverde,Instalaciones accesibles NO municipales,Calle Alianza 20,3543.2,235 - Embajadores 191,Calle Sodio nº 1B
218,Instituto de Educación Secundaria (IES) Vista Alegre,Instalaciones accesibles NO municipales,Calle General Ricardos 177,2653.83,212 - Marqués de Vadillo,Glorieta Marqués de Vadillo nº 9
219,Intercambiador de transporte. Aeropuerto T1 - T2 - T3,Instalaciones accesibles NO municipales,Avenida Hispanidad 44,9040.55,215 - Gutierre de Cetina,Calle Gutierre de Cetina nº 77
220,Intercambiador de transporte. Aeropuerto T4,Instalaciones accesibles NO municipales,Carretera M-110 250,8134.15,230 - Carlota O’Neill,Calle Carlota O'Neill nº 32
221,Intercambiador de transporte. Aluche,Instalaciones accesibles NO municipales,Avenida Poblados 41,4450.98,224 - Caramuel,Calle Caramuel nº 51
222,Intercambiador de transporte. Avenida de América,Instalaciones accesibles NO municipales,Intercambiador Avenida De America,90.51,194 - Avenida de América 2,Calle Francisco Silvela nº 86
223,Intercambiador de transporte. Chamartín,Instalaciones accesibles NO municipales,Calle Agustin De Foxa 40,38.92,252 - Chamartín,Calle Rodríguez Jaén nº 40
224,Intercambiador de transporte. Moncloa,Instalaciones accesibles NO municipales,Calle Princesa 89,67.81,110 - Moncloa,Paseo de Moret nº 2
225,Intercambiador de transporte. Méndez Álvaro - Estación Sur,Instalaciones accesibles NO municipales,Calle Mendez Alvaro 83,333.39,180 - Méndez Álvaro,Calle Retama nº 5
226,Intercambiador de transporte. Nuevos Ministerios,Instalaciones accesibles NO municipales,Calle Raimundo Fernandez Villaverde 69,102.8,138 - Paseo de la Castellana con Raimundo Fernández,Paseo de la Castellana esquina calle Raimundo Fernández Villaverde
227,Intercambiador de transporte. Plaza Elíptica,Instalaciones accesibles NO municipales,Plaza Eliptica 3,1523.16,212 - Marqués de Vadillo,Glorieta Marqués de Vadillo nº 9
228,Intercambiador de transporte. Plaza de Castilla,Instalaciones accesibles NO municipales,Paseo Castellana 195,158.15,208 - Plaza de Castilla,Paseo de la Castellana nº 216
229,Intercambiador de transporte. Príncipe Pío,Instalaciones accesibles NO municipales,Paseo Florida 2,240.97,161 - Paseo de la Florida,Paseo de la Florida nº 8
230,Intercambiador de transporte. Puerta del Sol,Instalaciones accesibles NO municipales,Intercambiador Puerta Del Sol,37.19,33 - Carretas,Calle Carretas nº 8
231,Jardines del Campo del Moro,Instalaciones accesibles NO municipales,Paseo Virgen Del Puerto En Las Proximidades De La Glorieta De San Vicente,434.95,161 - Paseo de la Florida,Paseo de la Florida nº 8
232,La Casa Encendida de la Fundación Montemadrid,Instalaciones accesibles NO municipales,Ronda Valencia 2,57.26,49 - Casa Encendida,Ronda de Atocha nº 34
233,La Neomudéjar,Instalaciones accesibles NO municipales,Calle Antonio Nebrija  Sin Número,363.87,79 - Puerta de Granada,Avenida de Menéndez Pelayo nº 38
234,Mercado de San Miguel,Instalaciones accesibles NO municipales,Plaza San Miguel,25.33,9 - Plaza de San Miguel,Plaza de San Miguel nº 9
235,"Ministerio de Asuntos Exteriores, Unión Europea y Cooperación. Sede Palacio de Santa Cruz",Instalaciones accesibles NO municipales,Plaza Provincia 1,36.29,32 - Plaza de la Provincia,Plaza de la Provincia nº 1
236,Ministerio de Defensa. Oficina de asistencia en materia de registro,Instalaciones accesibles NO municipales,Paseo Castellana 109,235.18,238 - San Germán 5,Calle San Germán nº 5
237,Ministerio de Política Territorial. Delegación del Gobierno en Madrid. Oficina de asistencia en materia de registro,Instalaciones accesibles NO municipales,Calle Garcia De Paredes 65,207.41,247 - Zurbano,Calle Zurbano nº 90
238,Ministerio de Sanidad. Oficina de información,Instalaciones accesibles NO municipales,Paseo Prado 18 Planta Baja (Esquina Con Calle Lope De Vega) - 20,182.99,27 - Huertas,Calle Jesús nº 1
239,Ministerio del Interior. Oficina de asistencia en materia de registro,Instalaciones accesibles NO municipales,Calle Amador De Los Rios 7,211.01,104 - Castellana,Paseo de la Castellana nº 4
240,Movistar Academy Magariños,Instalaciones accesibles NO municipales,Calle Serrano 129,162.77,250 - Serrano 113,Calle Serrano nº 113B
241,Museo ABC,Instalaciones accesibles NO municipales,Calle Amaniel 29 -31,101.11,13 - Conde Duque,Calle Conde Duque nº 22
242,Museo Arqueológico Nacional,Instalaciones accesibles NO municipales,Calle Serrano 13,166.42,95 - Villanueva,Calle Claudio Coello nº 109
243,Museo Casa de la Moneda,Instalaciones accesibles NO municipales,Calle Doctor Esquerdo 36,61.51,101 - Jorge Juan,Calle Jorge Juan nº 131
244,Museo Los Caños del Peral. Estación de Metro Ópera,Instalaciones accesibles NO municipales,Plaza Isabel Ii 1,167.07,24 - Palacio de Oriente,Calle Carlos III nº 1
245,Museo Lázaro Galdiano,Instalaciones accesibles NO municipales,Calle Serrano 122,367.72,141 - Paseo de la Castellana - Glorieta de Emilio Castelar,Paseo de la Castellana nº 43
246,Museo Nacional Centro de Arte Reina Sofía (MNCARS),Instalaciones accesibles NO municipales,Calle Santa Isabel 52,73.87,50 - Museo Reina Sofía,Calle Santa Isabel nº 57
247,Museo Nacional Thyssen-Bornemisza,Instalaciones accesibles NO municipales,Paseo Prado 8,114.54,29 - Marqués de Cubas,Calle del Marqués de Cubas nº 25
248,Museo Nacional de Antropología,Instalaciones accesibles NO municipales,Calle Alfonso Xii 68,147.4,80b - Atocha B,Paseo de la Infanta Isabel nº 3
249,Museo Nacional de Ciencias Naturales,Instalaciones accesibles NO municipales,Calle Jose Gutierrez Abascal 2,104.41,139 - José Gutiérrez Abascal ,Calle José Gutiérrez Abascal nº 2
250,Museo Naval,Instalaciones accesibles NO municipales,Paseo Prado 3,117.11,86 - Cibeles,Plaza Cibeles
251,Museo Postal y Telegráfico,Instalaciones accesibles NO municipales,Calle Tapia De Casariego 6,4801.09,261 - Facultad Derecho,Avenida Complutense nº 23
252,Museo Tiflológico,Instalaciones accesibles NO municipales,Calle La Coruña 18,242.86,155 - San Germán 57,Calle San Germán nº 57
253,Museo de América,Instalaciones accesibles NO municipales,Avenida Reyes Catolicos 6,402.2,110 - Moncloa,Paseo de Moret nº 2
254,Museo de Historia de la Comunidad Judía de Madrid,Instalaciones accesibles NO municipales,Calle Balmes 3,106.52,246 - Santa Engracia 87,Calle Santa Engracia nº 87
255,Museo de Mineralogía,Instalaciones accesibles NO municipales,Calle Francisco Tomas Y Valiente 7 Facultad De Ciencias - Departamento Geología Y Geoquímica,7196.26,217 - Pedro Rico,Calle Pedro Rico nº 4
256,Museo de la Catedral de la Almudena,Instalaciones accesibles NO municipales,Calle Bailen 10,191.3,166 - Segovia 26,Calle Segovia nº 26
257,Museo de la Real Academia de Bellas Artes de San Fernando,Instalaciones accesibles NO municipales,Calle Alcala 13,112.94,1b - Puerta del Sol B,Puerta del Sol nº 1
258,Museo del Ferrocarril de Madrid,Instalaciones accesibles NO municipales,Paseo Delicias 61,71.1,172 - Delicias,Calle Bustamante nº 1
259,Museo del Prado,Instalaciones accesibles NO municipales,Paseo Prado,166.62,68 - Espalter,Calle Espalter nº 1
260,Museo del Romanticismo,Instalaciones accesibles NO municipales,Calle San Mateo 13,134.97,7 - Hortaleza,Calle Hortaleza nº 75
261,Museo del Traje. Centro de Investigación del Patrimonio Etnológico (CIPE),Instalaciones accesibles NO municipales,Avenida Juan De Herrera 2,252.1,257 - INEF,Avenida Juan de Herrera frente a la calle Paul Guinard
262,Norte Joven Fuencarral,Instalaciones accesibles NO municipales,Calle Ribadavia 20,1362.9,207 - Remonta,Calle Azucenas nº 1
263,Numen centro de atención integral,Instalaciones accesibles NO municipales,Calle Tabatinga 11 Planta Baja,1794.33,230 - Carlota O’Neill,Calle Carlota O'Neill nº 32
264,Oficina Joven TIVE - Moncloa,Instalaciones accesibles NO municipales,Calle Fernando El Catolico 88,40.26,111b - Arcipreste de Hita B,Calle Arcipreste de Hita nº 12
265,Oficina de Correos. Oficina Principal. Paseo del Prado,Instalaciones accesibles NO municipales,Paseo Prado 1,86.35,86 - Cibeles,Plaza Cibeles
266,Oficina de Correos. Sucursal 01. Calle Villanueva,Instalaciones accesibles NO municipales,Calle Villanueva 30,167.55,102 - Velázquez,Calle Alcalá nº 95
267,Oficina de Correos. Sucursal 02. Calle Luis Vives,Instalaciones accesibles NO municipales,Calle Luis Vives 12,96.68,196 - Prosperidad,Calle Suero de Quiñones nº 2
268,Oficina de Correos. Sucursal 03. Calle Maudes,Instalaciones accesibles NO municipales,Calle Maudes 39,95.53,132 - Glorieta de los Cuatro Caminos,Calle Santa Engracia nº 168
269,Oficina de Correos. Sucursal 04. Calle General Ricardos,Instalaciones accesibles NO municipales,Calle General Ricardos 212,2750.23,212 - Marqués de Vadillo,Glorieta Marqués de Vadillo nº 9
270,Oficina de Correos. Sucursal 05. Carrera de San Francisco,Instalaciones accesibles NO municipales,Carrera San Francisco 13,96.09,37 - Plaza de San Francisco,Plaza de San Francisco nº 5
271,Oficina de Correos. Sucursal 06. Calle Claudio Coello,Instalaciones accesibles NO municipales,Calle Claudio Coello 100,223.4,190 - Velázquez-Diego de León,Calle Velázquez nº 91
272,Oficina de Correos. Sucursal 07. Calle Palos de la Frontera,Instalaciones accesibles NO municipales,Calle Palos De La Frontera 6 Y 10,162.24,121 - Santa María de la Cabeza,Paseo de Santa María de la Cabeza nº 58
273,Oficina de Correos. Sucursal 09. Calle Mártires Concepcionistas,Instalaciones accesibles NO municipales,Calle Martires Concepcionistas 21,101.9,145 - Ortega y Gasset 87,Calle Ortega y Gasset nº 87
274,Oficina de Correos. Sucursal 10. Calle Alburquerque,Instalaciones accesibles NO municipales,Calle Alburquerque 2,279.59,4 - Malasaña,Calle Manuela Malasaña nº 5
275,"Oficina de Correos. Sucursal 102. Avenida Ensanche de Vallecas, 106-108",Instalaciones accesibles NO municipales,Avenida Ensanche De Vallecas 106,6198.5,221 - Pavones,Calle Hacienda de Pavones nº 342
276,Oficina de Correos. Sucursal 13. Avenida América,Instalaciones accesibles NO municipales,Avenida América 3,86.75,194 - Avenida de América 2,Calle Francisco Silvela nº 86
277,Oficina de Correos. Sucursal 15. Calle Jacinto Verdaguer,Instalaciones accesibles NO municipales,Calle Jacinto Verdaguer 4,338.89,212 - Marqués de Vadillo,Glorieta Marqués de Vadillo nº 9
278,Oficina de Correos. Sucursal 18. Calle Pizarro,Instalaciones accesibles NO municipales,Calle Pizarro 17,199.6,16 - San Bernardo,Calle San Bernardo nº 22
279,Oficina de Correos. Sucursal 19. Calle Chile,Instalaciones accesibles NO municipales,Calle Chile 4,199.62,160 - Colombia,Calle Colombia nº 7
280,Oficina de Correos. Sucursal 20. Calle Alcalde López Casero,Instalaciones accesibles NO municipales,Calle Alcalde Lopez Casero 3,287.86,189 - Avenida Donostiarra,Calle Virgen de la Alegría nº 18
281,Oficina de Correos. Sucursal 21. Calle Antonio Arias,Instalaciones accesibles NO municipales,Calle Antonio Arias 2,84.66,63 - Ibiza,Calle Ibiza nº 62
282,Oficina de Correos. Sucursal 24. Plaza Párroco Luis Calleja,Instalaciones accesibles NO municipales,Plaza Parroco Luis Calleja 12,3682.38,215 - Gutierre de Cetina,Calle Gutierre de Cetina nº 77
283,Oficina de Correos. Sucursal 25. Calle Mariano Fernández,Instalaciones accesibles NO municipales,Calle Mariano Fernandez 1,263.51,155 - San Germán 57,Calle San Germán nº 57
284,Oficina de Correos. Sucursal 26. Calle Longares,Instalaciones accesibles NO municipales,Calle Longares 30,3519.3,215 - Gutierre de Cetina,Calle Gutierre de Cetina nº 77
285,Oficina de Correos. Sucursal 27. Calle Dobla,Instalaciones accesibles NO municipales,Calle Dobla 5,3871.68,212 - Marqués de Vadillo,Glorieta Marqués de Vadillo nº 9
286,Oficina de Correos. Sucursal 31. Calle Islas Palaos,Instalaciones accesibles NO municipales,Calle Islas Palaos 30,1850.9,217 - Pedro Rico,Calle Pedro Rico nº 4
287,Oficina de Correos. Sucursal 32. Plaza Rogelio Enríquez,Instalaciones accesibles NO municipales,Plaza Rogelio Enriquez 5,9231.26,261 - Facultad Derecho,Avenida Complutense nº 23
288,Oficina de Correos. Sucursal 33. Calle Caroli,Instalaciones accesibles NO municipales,Calle Caroli 10,6236.05,261 - Facultad Derecho,Avenida Complutense nº 23
289,Oficina de Correos. Sucursal 35. Hermanos García Noblejas,Instalaciones accesibles NO municipales,Calle Hermanos Garcia Noblejas 30,782.81,215 - Gutierre de Cetina,Calle Gutierre de Cetina nº 77
290,Oficina de Correos. Sucursal 36. Calle Orense,Instalaciones accesibles NO municipales,Calle Julias Besteiro  Esquina San Germán,149.55,154 - Orense 36,Calle Orense nº 36
291,Oficina de Correos. Sucursal 37. Calle Marqués de Corbera,Instalaciones accesibles NO municipales,Avenida Marques De Corbera 27,240.05,233 - Marqués de Corbera 12,Avenida Marqués de Corbera nº 12
292,Oficina de Correos. Sucursal 38. Calle Sierra de Gador,Instalaciones accesibles NO municipales,Calle Sierra Gador 50,2521.7,221 - Pavones,Calle Hacienda de Pavones nº 342
293,Oficina de Correos. Sucursal 39. Calle Arroyo de la Media Legua,Instalaciones accesibles NO municipales,Calle Arroyo De La Media Legua 56,245.72,218 - Camino Vinateros,Calle Camino de los Vinateros nº 28
294,Oficina de Correos. Sucursal 40. Calle Tellez,Instalaciones accesibles NO municipales,Calle Tellez 27,86.3,178 - Junta Municipal Retiro,Calle León Gil de Palacio nº 3
295,Oficina de Correos. Sucursal 41. Calle Sáhara,Instalaciones accesibles NO municipales,Calle Sahara 42 Y 44,3827.31,235 - Embajadores 191,Calle Sodio nº 1B
296,Oficina de Correos. Sucursal 42. Centro Comercial La Vaguada,Instalaciones accesibles NO municipales,Avenida Monforte De Lemos 36,2159.01,207 - Remonta,Calle Azucenas nº 1
297,Oficina de Correos. Sucursal 44. Calle Padre Rubio,Instalaciones accesibles NO municipales,Calle Padre Rubio 43,759.09,248 - Torre Cepsa,Calle Sinesio Delgado nº 2
298,Oficina de Correos. Sucursal 45. Avenida Valladolid,Instalaciones accesibles NO municipales,Avenida Valladolid 39,709.93,112 - Paseo de Moret,Paseo de Moret nº 11
299,Oficina de Correos. Sucursal 46. Calle Guzmán el Bueno,Instalaciones accesibles NO municipales,Calle Guzman El Bueno 86,290.0,203 - San Francisco de Sales,Calle General Ampudia nº 2
300,Oficina de Correos. Sucursal 47. Calle Mar Caspio,Instalaciones accesibles NO municipales,Calle Mar Caspio 10,3327.62,230 - Carlota O’Neill,Calle Carlota O'Neill nº 32
301,Oficina de Correos. Sucursal 49. Calle Condesa Vega del Pozo,Instalaciones accesibles NO municipales,Calle Condesa Vega Del Pozo 29 Y 31,3188.8,221 - Pavones,Calle Hacienda de Pavones nº 342
302,Oficina de Correos. Sucursal 50. Avenida Padre Piquer,Instalaciones accesibles NO municipales,Avenida Padre Piquer 13,4647.5,224 - Caramuel,Calle Caramuel nº 51
303,Oficina de Correos. Sucursal 51. Calle Virgen de Aránzazu,Instalaciones accesibles NO municipales,Calle Virgen De Aranzazu 31,686.55,217 - Pedro Rico,Calle Pedro Rico nº 4
304,Oficina de Correos. Sucursal 52. Calle Monte Olivetti,Instalaciones accesibles NO municipales,Calle Monte Oliveti 29,306.25,179 - Puente de Vallecas,Avenida de la Albufera nº 6
305,Oficina de Correos. Sucursal 53. Calle Conde de Peñalver,Instalaciones accesibles NO municipales,Calle Conde De Peñalver 19 Bis,96.44,89 - Conde Peñalver,Calle Ayala nº 102
306,Oficina de Correos. Sucursal 54. Calle Cardenal Herrera Oria,Instalaciones accesibles NO municipales,Avenida Cardenal Herrera Oria 241,3026.74,239 - Francos Rodríguez,Calle Francos Rodríguez nº 62
307,Oficina de Correos. Sucursal 56. Calle Carlina,Instalaciones accesibles NO municipales,Calle Carlina 8,2582.52,224 - Caramuel,Calle Caramuel nº 51
308,Oficina de Correos. Sucursal 57. Plaza Movimiento Ciudadano,Instalaciones accesibles NO municipales,Plaza Movimiento Ciudadano 1,2237.01,213 - Glorieta de Cádiz,Calle Antonio López nº 129
309,Oficina de Correos. Sucursal 58. Universidad Autónoma Cantoblanco,Instalaciones accesibles NO municipales,Calle Kant  Sin Número,7119.62,217 - Pedro Rico,Calle Pedro Rico nº 4
310,Oficina de Correos. Sucursal 59. Calle Alanis,Instalaciones accesibles NO municipales,Calle Alanis 1,7952.87,215 - Gutierre de Cetina,Calle Gutierre de Cetina nº 77
311,Oficina de Correos. Sucursal 60. Calle Arquitecto López Otero,Instalaciones accesibles NO municipales,Calle Arquitecto Lopez Otero 3,153.33,258 - Ciudad Universitaria 1,Avenida de la Complutense (Metro Ciudad Universitaria)
312,Oficina de Correos. Sucursal 61. Camino Hormigueras,Instalaciones accesibles NO municipales,Camino Hormigueras 169,2597.53,221 - Pavones,Calle Hacienda de Pavones nº 342
313,Oficina de Correos. Sucursal 62. Calle La Rioja. Alameda de Osuna,Instalaciones accesibles NO municipales,Calle La Rioja 11,6564.24,215 - Gutierre de Cetina,Calle Gutierre de Cetina nº 77
314,Oficina de Correos. Sucursal 64. Aeropuerto T1. Llegadas Sala 1,Instalaciones accesibles NO municipales,Aeropuerto T1 T2 T3  Sala 1 (Llegadas),8744.57,215 - Gutierre de Cetina,Calle Gutierre de Cetina nº 77
315,Oficina de Correos. Sucursal 66. Plaza Pablo Ruiz Picasso,Instalaciones accesibles NO municipales,Plaza Pablo Ruiz Picasso 1,239.79,153 - General Perón con Poeta Joan Maragall,Avenida del General Perón frente al nº 36
316,Oficina de Correos. Sucursal 72. Calle Santiago Alio,Instalaciones accesibles NO municipales,Calle Santiago Alio 10 A,1848.13,221 - Pavones,Calle Hacienda de Pavones nº 342
317,Oficina de Correos. Sucursal 77. Calle Eduardo Barreiros,Instalaciones accesibles NO municipales,Calle Eduardo Barreiros 3 Y 5,1816.23,213 - Glorieta de Cádiz,Calle Antonio López nº 129
318,Oficina de Correos. Sucursal 78. Centro Comercial Valdebernardo,Instalaciones accesibles NO municipales,Bulevar Jose Prat 35,1801.74,221 - Pavones,Calle Hacienda de Pavones nº 342
319,Oficina de Correos. Sucursal 82. Avenida Santuario de Valverde,Instalaciones accesibles NO municipales,Avenida Santuario De Valverde 45,3123.81,217 - Pedro Rico,Calle Pedro Rico nº 4
320,Oficina de Correos. Sucursal 88. Calle Mejía Lequerica,Instalaciones accesibles NO municipales,Calle Mejia Lequerica 7,160.7,7 - Hortaleza,Calle Hortaleza nº 75
321,Oficina de Correos. Sucursal 92. Eroski Avenida Pablo Neruda,Instalaciones accesibles NO municipales,Avenida Pablo Neruda 91,1492.36,227 - Concordia,Calle Arroyo del Olivar nº 6
322,"Oficina de Correos. Sucursal 99. Calle Pegaso, 24",Instalaciones accesibles NO municipales,Calle Pegaso 24,2330.5,230 - Carlota O’Neill,Calle Carlota O'Neill nº 32
323,Oficina de Empleo Aluche,Instalaciones accesibles NO municipales,Calle Illescas 189,3409.88,224 - Caramuel,Calle Caramuel nº 51
324,Oficina de Empleo Argüelles,Instalaciones accesibles NO municipales,Calle Evaristo San Miguel 8,215.32,14 - Ventura Rodríguez,Calle Duque de Liria
325,Oficina de Empleo Atocha,Instalaciones accesibles NO municipales,Calle Mendez Alvaro 7,26.88,119 - Méndez Álvaro,Calle Méndez Álvaro nº 11
326,Oficina de Empleo Barrio de la Concepción,Instalaciones accesibles NO municipales,Calle Virgen Del Puig 5,204.18,188 - Puente de Ventas,Avenida de Daroca nº 2
327,Oficina de Empleo Barrio del Pilar,Instalaciones accesibles NO municipales,Camino Ganapanes 33,2230.0,239 - Francos Rodríguez,Calle Francos Rodríguez nº 62
328,Oficina de Empleo Ciudad Lineal,Instalaciones accesibles NO municipales,Calle Miguel Yuste 21,2113.21,215 - Gutierre de Cetina,Calle Gutierre de Cetina nº 77
329,Oficina de Empleo Estrecho - Azca,Instalaciones accesibles NO municipales,Plaza Pablo Ruiz Picasso  Edificio Serantes,220.93,153 - General Perón con Poeta Joan Maragall,Avenida del General Perón frente al nº 36
330,Oficina de Empleo Goya,Instalaciones accesibles NO municipales,Calle O'Donnell 12,233.55,85 - Puerta de Madrid,Avenida de Menéndez Pelayo esquina calle O'Donnell
331,Oficina de Empleo Legazpi,Instalaciones accesibles NO municipales,Paseo Acacias 23,65.53,163 - Paseo de la Esperanza,Paseo de la Esperanza nº 2
332,Oficina de Empleo Moratalaz,Instalaciones accesibles NO municipales,Calle Hacienda De Pavones 350,154.99,221 - Pavones,Calle Hacienda de Pavones nº 342
333,Oficina de Empleo Nueva Numancia,Instalaciones accesibles NO municipales,Calle Francisco Iglesias 9,322.65,179 - Puente de Vallecas,Avenida de la Albufera nº 6
334,Oficina de Empleo Prosperidad,Instalaciones accesibles NO municipales,Calle Canillas 104,167.36,251 - Corazón de María,Calle Santa Hortensia nº 31
335,Oficina de Empleo Puerta del Angel,Instalaciones accesibles NO municipales,Glorieta Puente De Segovia 3,426.35,216 - Puerta del Ángel,Plaza Puerta del Ángel nº 4
336,Oficina de Empleo San Isidro,Instalaciones accesibles NO municipales,Calle Tejares 4,600.56,212 - Marqués de Vadillo,Glorieta Marqués de Vadillo nº 9
337,Oficina de Empleo Sanchinarro,Instalaciones accesibles NO municipales,Avenida Ingeniero Emilio Herrera 23,3886.91,249 - Manuel Caldeiro,Paseo de la Castellana nº 298
338,Oficina de Empleo Santa Eugenia,Instalaciones accesibles NO municipales,Calle Cabeza Mesada 5,2700.12,221 - Pavones,Calle Hacienda de Pavones nº 342
339,Oficina de Empleo Usera,Instalaciones accesibles NO municipales,Calle Antonio Lopez 101,101.97,222 - Antonio López,Calle Eugenio Caxes frente al nº 12
340,Oficina de Empleo Villaverde,Instalaciones accesibles NO municipales,Calle Salsipuedes 7,4984.91,213 - Glorieta de Cádiz,Calle Antonio López nº 129
341,Oficina de Empleo Águeda Díez,Instalaciones accesibles NO municipales,Plaza Agueda Diez 4,1965.36,212 - Marqués de Vadillo,Glorieta Marqués de Vadillo nº 9
342,Oficina de Tramitación de DNI y Pasaporte (Usera-Villaverde 1),Instalaciones accesibles NO municipales,Paseo Gigantes Y Cabezudos 30,3549.27,235 - Embajadores 191,Calle Sodio nº 1B
343,Oficina de Tramitación del DNI y Pasaporte (Arganzuela),Instalaciones accesibles NO municipales,Paseo Virgen Del Puerto 47,451.28,236 - Paseo Imperial,Paseo Imperial nº 20
344,Oficina de Tramitación del DNI y Pasaporte (Centro),Instalaciones accesibles NO municipales,Calle Luna 17,75.41,16 - San Bernardo,Calle San Bernardo nº 22
345,Oficina de Tramitación del DNI y Pasaporte (Puente de Vallecas),Instalaciones accesibles NO municipales,Calle Sierra Carbonera 35,290.95,227 - Concordia,Calle Arroyo del Olivar nº 6
346,Oficina de Tramitación del DNI y Pasaporte (Santa Engracia),Instalaciones accesibles NO municipales,Calle Santa Engracia 18,91.42,122 - Santa Engracia 14,Calle Santa Engracia nº 14
347,Oficina de Tramitación del DNI y Pasaporte (Tetuán),Instalaciones accesibles NO municipales,Calle Santa Valentina 2,245.65,207 - Remonta,Calle Azucenas nº 1
348,Oficina de Tramitación del DNI y Pasaporte Doce de Octubre,Instalaciones accesibles NO municipales,Calle Doce De Octubre 7,132.92,70 - Puerta del Doce de Octubre,Avenida de Menéndez Pelayo nº 63
349,Oficina de Tramitación del DNI y Pasaporte Padre Piquer,Instalaciones accesibles NO municipales,Avenida Padre Piquer 18,4753.53,224 - Caramuel,Calle Caramuel nº 51
350,Oficina de Tramitación del DNI y Pasaporte San Felipe,Instalaciones accesibles NO municipales,Calle San Felipe 7,173.92,207 - Remonta,Calle Azucenas nº 1
351,Palacio Real de El Pardo,Instalaciones accesibles NO municipales,Calle Manuel Alonso 8,9332.03,261 - Facultad Derecho,Avenida Complutense nº 23
352,Palacio Real de Madrid,Instalaciones accesibles NO municipales,Calle Bailen,217.4,30 - San Quintín,Calle Pavía nº 6
353,Palacio de Congresos de Madrid,Instalaciones accesibles NO municipales,Paseo Castellana 99,190.3,153 - General Perón con Poeta Joan Maragall,Avenida del General Perón frente al nº 36
354,Palacio de Cristal,Instalaciones accesibles NO municipales,Paseo Republica De Cuba 4,523.53,70 - Puerta del Doce de Octubre,Avenida de Menéndez Pelayo nº 63
355,Palacio de Liria,Instalaciones accesibles NO municipales,Calle Princesa 20,125.14,14 - Ventura Rodríguez,Calle Duque de Liria
356,Palacio de Velázquez,Instalaciones accesibles NO municipales,Paseo Venezuela 2,458.26,70 - Puerta del Doce de Octubre,Avenida de Menéndez Pelayo nº 63
357,Panteón de España,Instalaciones accesibles NO municipales,Calle Julian Gayarre 3,358.32,79 - Puerta de Granada,Avenida de Menéndez Pelayo nº 38
358,Parque Biológico de Madrid. Faunia,Instalaciones accesibles NO municipales,Avenida Comunidades 2,2700.73,221 - Pavones,Calle Hacienda de Pavones nº 342
359,Parque Deportivo Puerta de Hierro,Instalaciones accesibles NO municipales,Carretera De La Coruña  Kilómetro 7,2641.9,261 - Facultad Derecho,Avenida Complutense nº 23
360,Parroquia San Jenaro,Instalaciones accesibles NO municipales,Calle Vital Aza 81,588.31,215 - Gutierre de Cetina,Calle Gutierre de Cetina nº 77
361,Parroquia Santa Eulalia de Mérida,Instalaciones accesibles NO municipales,Calle Pedroches 5,1636.73,227 - Concordia,Calle Arroyo del Olivar nº 6
362,Parroquia Santos Inocentes,Instalaciones accesibles NO municipales,Calle Embajadores 209,238.43,235 - Embajadores 191,Calle Sodio nº 1B
363,Parroquia Santísima Trinidad,Instalaciones accesibles NO municipales,Calle Martinez Villergas 8,397.84,231 - Derechos Humanos,Calle Derechos Humanos nº 12
364,Plaza de Misterios. Recinto Ferial.,Instalaciones accesibles NO municipales,Calle Misterios 1,966.64,215 - Gutierre de Cetina,Calle Gutierre de Cetina nº 77
365,Real Basílica San Francisco el Grande,Instalaciones accesibles NO municipales,Calle San Buenaventura 1,42.71,37 - Plaza de San Francisco,Plaza de San Francisco nº 5
366,Residencia Mirasierra para personas con discapacidad intelectual gravemente afectadas y centro de día CAMP Mirasierra,Instalaciones accesibles NO municipales,Calle La Maso 40,2997.67,217 - Pedro Rico,Calle Pedro Rico nº 4
367,Residencia Universitaria Augustinus Nebrija,Instalaciones accesibles NO municipales,Calle Cea Bermudez 59,12.55,128 - Cea Bermúdez,Calle Cea Bermúdez nº 59
368,Residencia Universitaria Erasmo,Instalaciones accesibles NO municipales,Calle Erasmo De Rotterdam 5 Y 7,7544.01,217 - Pedro Rico,Calle Pedro Rico nº 4
369,Residencia de Estudiantes Ciudad Escolar. Comunidad de Madrid.,Instalaciones accesibles NO municipales,"Carretera Colmenar Viejo  Km. 12,800",4916.69,217 - Pedro Rico,Calle Pedro Rico nº 4
370,Residencia de estudiantes Palacio de Barradas,Instalaciones accesibles NO municipales,Calle San Bernardo 63,63.14,15 - San Vicente Ferrer,Calle San Vicente Ferrer nº 64
371,Residencia para mayores Juan XXIII (Aravaca),Instalaciones accesibles NO municipales,Calle Procion 10,8114.0,261 - Facultad Derecho,Avenida Complutense nº 23
372,Residencia para mayores y centro de día Peñuelas,Instalaciones accesibles NO municipales,Calle Arganda 11,250.64,170 - Paseo de la Esperanza,Paseo de la Esperanza nº 21
373,Residencia para personas con discapacidad intelectual gravemente afectadas y centro de día Dos de Mayo,Instalaciones accesibles NO municipales,Calle Oña 1,2072.0,249 - Manuel Caldeiro,Paseo de la Castellana nº 298
374,Residencia y centro de día Carmen Sevilla,Instalaciones accesibles NO municipales,Calle Gabriel Montero 1,1247.49,215 - Gutierre de Cetina,Calle Gutierre de Cetina nº 77
375,Residencia y centro de rehabilitación Duques de Lugo,Instalaciones accesibles NO municipales,Calle Adonis 1,5648.72,224 - Caramuel,Calle Caramuel nº 51
376,"Residencia, centro de día y centro ocupacional Götze",Instalaciones accesibles NO municipales,Carretera Castilla 5,3731.6,261 - Facultad Derecho,Avenida Complutense nº 23
377,"Residencia, centro de día y centro ocupacional Ángel de la Guarda",Instalaciones accesibles NO municipales,Avenida Daroca 60,376.45,234 - Marqués de Corbera 52,Avenida Marqués de Corbera nº 52
378,Sala Alcalá 31,Instalaciones accesibles NO municipales,Calle Alcala 31,36.25,28 - Sevilla,Calle Alcalá nº 27
379,Sala El Águila,Instalaciones accesibles NO municipales,Calle Ramirez De Prado 3,222.52,118 - Juan Martín,Calle Juan Martín el Empecinado nº 16
380,Sala de Arte Joven,Instalaciones accesibles NO municipales,Avenida America 13,130.12,195 - Avenida de América 1,Calle Padre Indalecio Hernández nº 1
381,Sala de exposiciones Fundación Canal (Castellana 214),Instalaciones accesibles NO municipales,Paseo Castellana 214,127.62,209 - Plaza de Castilla 2,Paseo Castellana (Fundación Canal)
382,"Sala de exposiciones Fundación Canal (Mateo Inurria, 2)",Instalaciones accesibles NO municipales,Calle Mateo Inurria 2,114.47,208 - Plaza de Castilla,Paseo de la Castellana nº 216
383,Sala de exposiciones Fundación MAPFRE Recoletos,Instalaciones accesibles NO municipales,Paseo Recoletos 23,172.16,94 - Biblioteca Nacional,Paseo de Recoletos nº 20
384,Sede QuedaT.com Arganzuela,Instalaciones accesibles NO municipales,Calle Juana Doña 7,211.49,164 - Paseo de las Delicias,Paseo de las Delicias nº 92
385,Sede QuedaT.com Barajas,Instalaciones accesibles NO municipales,Calle Autogiro 1,7920.14,215 - Gutierre de Cetina,Calle Gutierre de Cetina nº 77
386,Sede QuedaT.com Carabanchel,Instalaciones accesibles NO municipales,Calle Ramon Sainz 27,2633.55,223 - Ermita Santo,Paseo de la Ermita del Santo nº 48
387,Sede QuedaT.com Centro,Instalaciones accesibles NO municipales,Calle Juanelo 2,209.91,44 - Plaza de Nelson Mandela,Calle Mesón de Paredes nº 35
388,Sede QuedaT.com Chamartín,Instalaciones accesibles NO municipales,Pasaje Doña Carlota 13,579.58,251 - Corazón de María,Calle Santa Hortensia nº 31
389,Sede QuedaT.com Fuencarral-El Pardo (Centro Comunitario Guatemala),Instalaciones accesibles NO municipales,Calle Celanova 2,1819.54,239 - Francos Rodríguez,Calle Francos Rodríguez nº 62
390,Sede QuedaT.com Hortaleza,Instalaciones accesibles NO municipales,Calle Mar Amarillo 4,3471.39,230 - Carlota O’Neill,Calle Carlota O'Neill nº 32
391,Sede QuedaT.com Latina,Instalaciones accesibles NO municipales,Calle La Latina 25,2688.19,224 - Caramuel,Calle Caramuel nº 51
392,Sede QuedaT.com Moratalaz,Instalaciones accesibles NO municipales,Calle Corregidor Alonso De Tobar 15,404.48,220 - Plaza del Encuentro,Calle Arroyo de las Pilillas nº 6
393,Sede QuedaT.com Puente de Vallecas,Instalaciones accesibles NO municipales,Calle Cardeñosa 18,1222.54,180 - Méndez Álvaro,Calle Retama nº 5
394,Sede QuedaT.com San Blas-Canillejas,Instalaciones accesibles NO municipales,Calle San Faustino 14,4008.62,215 - Gutierre de Cetina,Calle Gutierre de Cetina nº 77
395,Sede QuedaT.com Tetuán,Instalaciones accesibles NO municipales,Calle Cedros 3,461.3,208 - Plaza de Castilla,Paseo de la Castellana nº 216
396,Sede QuedaT.com Usera,Instalaciones accesibles NO municipales,Calle Miramadrid 1,1044.11,213 - Glorieta de Cádiz,Calle Antonio López nº 129
397,Sede QuedaT.com Vicálvaro,Instalaciones accesibles NO municipales,Plaza Juan Benet 9,1242.54,221 - Pavones,Calle Hacienda de Pavones nº 342
398,Sede QuedaT.com Villa de Vallecas,Instalaciones accesibles NO municipales,Calle Sierra Gador 19,2496.68,221 - Pavones,Calle Hacienda de Pavones nº 342
399,Sede QuedaT.com Villaverde,Instalaciones accesibles NO municipales,Calle Albino Hernández Lázaro 36,5224.14,235 - Embajadores 191,Calle Sodio nº 1B
400,Servicio de Documentación y Biblioteca de la Asamblea de Madrid,Instalaciones accesibles NO municipales,Plaza Asamblea De Madrid 1,1310.65,227 - Concordia,Calle Arroyo del Olivar nº 6
401,Servicios centrales. Servicio Público de Empleo Estatal,Instalaciones accesibles NO municipales,Calle Victor De La Serna 43,475.37,160 - Colombia,Calle Colombia nº 7
402,Tanatorio Parque de San Isidro de Madrid,Instalaciones accesibles NO municipales,Calle Comuneros De Castilla 15,724.79,212 - Marqués de Vadillo,Glorieta Marqués de Vadillo nº 9
403,Tanatorio Sur de Madrid,Instalaciones accesibles NO municipales,Calle Ildefonso Gonzalez Valencia 1,2798.02,228 - San Delfín,Calle San Delfín nº 9
404,Teatro Municipal de Títeres. Parque de El Retiro,Instalaciones accesibles NO municipales,Avenida México 4 Parque De El Retiro. Entrada Por Puerta De La Independencia,222.61,60 - Plaza de la Independencia,Plaza de la Independencia nº 6
405,Teatros del Canal,Instalaciones accesibles NO municipales,Calle Cea Bermudez 1,137.49,201 - Canal,Calle José Abascal frente al nº 2
406,WiZink Center,Instalaciones accesibles NO municipales,Calle Jorge Juan 99,222.41,62 - O'Donnell,Calle O'Donnell nº 50
407,Yacimiento paleontológico. Estación de Metro Carpetana,Instalaciones accesibles NO municipales,Calle Via Carpetana 141,2332.78,224 - Caramuel,Calle Caramuel nº 51
